id,full_name,current_title,current_company,location,segment,relevance_score,reasoning,scylla_angle,pain_points,linkedin_invite,linkedin_invite_chars,email_subject,email_body,selected
1,Elena Marchetti,"Principal Engineer, Cassandra Core",DataStax,"Santa Clara, CA",obvious_fit,99,"Principal Engineer at DataStax, 8 years in Cassandra Core, leading storage engine modernization on compaction and write-path latency. 400+ OSS commits, Cassandra Summit 2023 speaker on high-concurrency write-path limits. SSTable, LSM Trees, compaction skills align precisely with ScyllaDB's core advantages. Strong influence, OSS visibility, candid about Cassandra's rough edges — textbook recruit and peer engagement target.",Peer outreach on storage engine design: ScyllaDB's shard-per-core model and compaction solve the exact latency and compaction gaps she's tackling. Her candor about Cassandra's limits is a ready-made entry point.,Compaction inefficiency and latency gaps in Cassandra's storage engine; High-concurrency write-path bottlenecks (Cassandra Summit 2023 talk); Storage engine modernization complexity within legacy Cassandra architecture; P99 latency instability under production workloads,Elena — 8 years on Cassandra Core and a Summit talk on write-path limits under concurrency: you know the compaction and P99 problems better than almost anyone. Worth 15 min to compare notes on how ScyllaDB's shard-per-core model approaches the same constraints?,261,Cassandra compaction gaps vs. ScyllaDB's storage model,"Elena,

You presented at Cassandra Summit 2023 on write-path limits under high concurrency — the exact problem ScyllaDB's shard-per-core architecture was designed to eliminate. With 8 years leading Cassandra Core work and a current focus on storage engine modernization, you have sharper context on these trade-offs than most.

I'm not here to sell you. I'd like a 15-minute technical conversation — compaction scheduling, P99 under concurrent writes, and where the LSM design decisions diverge between the two engines.

Worth a call?

— Yoav, ScyllaDB",yes
5,Mei Zhang,"VP Engineering, Astra DB",DataStax,"San Francisco, CA",obvious_fit,98,"VP Engineering for Astra DB, leading 80+ engineers on DataStax's core managed Cassandra product. Google Bigtable Staff Engineer background adds deep distributed systems credibility. Explicitly tracks P99 latency, SLA breach rates, and cost per GB — ScyllaDB's primary competitive levers. Her public debate on Cassandra compatibility vs. storage differentiation signals architectural uncertainty at the top of Astra DB engineering.","Engage on P99 latency and cost-per-GB — metrics she already owns. ScyllaDB's 10x latency and 5x TCO story hits her hyperscaler pressure directly. Cassandra API compatibility removes migration risk, sidestepping her storage-layer debate.",Hyperscaler competition pressuring Astra DB on price and performance; Internal debate on Cassandra compatibility vs. storage layer differentiation; P99 latency and SLA breach rate management at scale; Cost per GB efficiency on a large managed cloud product,"Mei — VP Engineering on Astra DB, ex-Bigtable: you know this space cold. The Cassandra-compatibility-vs-storage-layer debate is exactly where ScyllaDB's architecture is relevant. Worth 15 min to compare P99 and cost-per-GB numbers directly? — Yoav",247,Astra DB P99 and cost-per-GB vs. ScyllaDB,"Mei,

You run engineering for Astra DB and you're already tracking the metrics that matter most in this comparison: P99 latency distributions, SLA breach rates, and cost per GB under hyperscaler pressure.

The storage-layer debate you're navigating internally is one ScyllaDB has a direct answer to — a C++-native, shard-per-core architecture that keeps full Cassandra API compatibility while materially moving those numbers.

I'd rather show you a benchmark head-to-head than describe it. Can we put 15 minutes on the calendar to walk through the data?

— Yoav, ScyllaDB",yes
2,Kwame Asante,"Staff Engineer, Astra DB",DataStax,"Austin, TX",obvious_fit,97,"Staff Engineer, 7 years at DataStax, last 4 focused entirely on Astra DB's multi-region replication layer. Personally designed the cross-region consistency protocol at 2M+ writes/sec — deep architectural authority. Critically, he self-identifies pain with Astra DB's cost-per-query model at scale and the gap between promises and production reality. These are exactly the pain points ScyllaDB's TCO and performance story addresses. Textbook senior technical target with insider knowledge and latent dissatisfaction.",Lead with ScyllaDB's 5x TCO advantage and predictable pricing — targeting his stated cost-per-query frustration. Reinforce with P99 latency benchmarks at his write scale (2M+ writes/sec). Cassandra API compatibility eliminates rewrite risk and is a natural conversation opener.,Cost-per-query model painful at scale (self-identified); Gap between Astra DB production promises and real-world delivery; Multi-region replication complexity at 2M+ writes/sec,"Kwame — seven years on Astra DB's replication layer, including the cross-region consistency protocol at 2M+ writes/sec, is serious depth. Given your stated friction with Astra's cost-per-query model at scale, ScyllaDB's TCO story is worth 15 minutes.",250,Cost-per-query pain at 2M writes/sec — ScyllaDB TCO,"Kwame,

You've spent four years on Astra DB's replication layer and personally designed the cross-region consistency protocol running at 2M+ writes/sec. You also know firsthand where the cost-per-query model breaks down at that scale.

ScyllaDB runs the same Cassandra-compatible workloads with a flat, predictable cost model and consistent P99 latencies at your write volumes — no cold-start surprises, no per-query tax that compounds at scale.

Worth a 15-minute call to walk through the benchmark numbers side-by-side?

— Yoav, ScyllaDB",yes
3,Priya Nair,"Director of Engineering, DSE Platform",DataStax,"New York, NY",obvious_fit,97,"Director of Engineering leading 35 engineers across DSE Platform (storage, query, search) — the core of DataStax's Cassandra enterprise product. Former Principal Engineer on DSE's Solr-on-Cassandra integration gives her deep technical roots. She explicitly flags the DSE-vs-Astra internal tension and the pain of keeping legacy customers happy under shifting investment. Senior title, large org ownership, hands-on technical history, and visible strategic frustration make her a textbook ScyllaDB outreach target.","Lead with DSE platform pain: ScyllaDB is a drop-in Cassandra-compatible alternative that cuts nodes, latency, and maintenance overhead — letting her team do more with less. The DSE-vs-Astra investment tension she navigates quarterly is exactly the opening ScyllaDB exploits.","Strategic tension between DSE enterprise commitments and DataStax's shift toward Astra DB; Managing a deprioritized 35-engineer legacy platform org; Keeping DSE customers satisfied as internal investment migrates to cloud-native; Complexity of maintaining DSE storage, query, and Solr/search integration on Cassandra","Priya — you know DSE's internals better than almost anyone. With DataStax investment shifting to Astra, curious if you'd spare 15 min to compare notes on how ScyllaDB handles the enterprise Cassandra workloads your platform team owns.",234,ScyllaDB vs DSE — worth 15 min of your time?,"Priya,

You've spent years at the core of DSE — first as Principal Engineer on the Solr-on-Cassandra stack, now directing 35 engineers across storage, query, and search. You understand the platform's strengths and its ceiling better than most.

The DSE-vs-Astra investment split you navigate quarterly is exactly where ScyllaDB tends to surface as a credible path: Cassandra-compatible, fewer nodes, lower p99 latency, less operational overhead for your enterprise customers.

Worth a 15-min technical comparison call to see if the numbers are relevant to what your team is dealing with?

— Yoav, ScyllaDB",yes
4,Rodrigo Santana,Principal Solutions Architect,DataStax,"Miami, FL",obvious_fit,97,"Rodrigo is a Principal SA at DataStax with 6 years of tenure — a textbook target. He is explicitly customer-facing, working with Fortune 500 banks, telcos, and retail on Cassandra and Astra DB at extreme scale. He personally witnesses tail latency and data modeling failures, and presented ""Cassandra Anti-Patterns in Production"" at ApacheCon 2022 — confirming deep expertise and ecosystem authority. Prior 7 years as DBA at Accenture and IBM further reinforces database depth. He knows the pain points cold and talks to affected customers daily.",Engage as a technical peer: Rodrigo personally experiences the P99 latency and data modeling pain ScyllaDB solves. Drop-in Cassandra API compatibility means zero rewrite for his customers. His ApacheCon platform and customer reach make him a top recruit and ecosystem connector candidate.,"P99 / tail latency issues in Cassandra production — named explicitly in his summary; Data modeling constraints at extreme scale causing Fortune 500 customer friction; Operational complexity of Cassandra at telco, banking, and retail scale; Recurring Cassandra anti-patterns in production — his own ApacheCon 2022 talk topic","Rodrigo — you know Cassandra's tail latency and data modeling limits better than most, given 6 years of Fortune 500 SAs at DataStax. Worth 15 min to compare how ScyllaDB's architecture handles the P99 problems you present about at ApacheCon?",241,Cassandra P99 tail latency — ScyllaDB's take,"Rodrigo,

You've spent 6 years as a Principal SA at DataStax watching Fortune 500 banks and telcos hit the same walls: P99 latency spikes and data modeling constraints at extreme scale. You literally presented on Cassandra anti-patterns in production at ApacheCon 2022 — you know these failure modes cold.

ScyllaDB is a drop-in Cassandra API replacement built in C++ with a shard-per-core architecture that directly targets the tail latency problem. No rewrite for your customers' existing CQL schemas.

Worth a 15-min technical comparison call?

— Yoav, ScyllaDB",yes
6,Tobias Gruber,"Staff SRE, Cassandra Infrastructure",DataStax,"Berlin, Germany",obvious_fit,97,"Tobias is a Staff SRE owning Cassandra Infrastructure at DataStax — a textbook senior technical target. 7 years of deep Cassandra ops experience, personally authored the split-brain recovery runbook (triggered 11x in production), and tunes compaction and repair weekly. Staff SRE title carries real organizational influence. His pain points map precisely to ScyllaDB's differentiators, and his own framing — ""very concrete opinions about what's hard versus what should be easier"" — signals openness to alternatives.","Lead with ScyllaDB's reduced repair and compaction overhead. His split-brain, repair scheduling, and JVM tuning pain points map directly to ScyllaDB's shard-per-core architecture and self-managed compaction — fewer runbooks, fewer nodes, less tuning.","Split-brain recovery complexity (authored runbook, triggered 11x in prod); Repair scheduling overhead at scale; Compaction tuning burden; JVM tuning for large Cassandra clusters; Operational complexity of globally managed Cassandra infrastructure","Tobias — Staff SRE on Cassandra infra at DataStax, 7 years deep in repair scheduling and compaction tuning. You know exactly what's hard. Worth 15 min to compare how ScyllaDB's shard-per-core handles compaction vs. what you're tuning today?",240,Cassandra repair overhead vs. ScyllaDB — 15 min?,"Tobias,

You authored DataStax's split-brain recovery runbook — triggered 11 times in production. That's not a documentation exercise, that's a signal about operational ceiling.

The repair scheduling and compaction burden you're managing weekly at global scale maps directly to where ScyllaDB's shard-per-core architecture makes different tradeoffs. Fewer tuning knobs, no JVM, self-managed compaction.

Given your 7 years running this at DataStax, I'd value a direct technical conversation — not a pitch. Would you be open to 15 minutes comparing operational models?

— Yoav, ScyllaDB",yes
7,Aisha Campbell,"Engineering Manager, Query Engine",DataStax,"Atlanta, GA",obvious_fit,97,"Aisha manages a 12-person query engine team owning CQL execution, native protocol, and drivers — the exact layer where ScyllaDB's latency advantages are most tangible. She was Principal Engineer on the same team for 4 years and still writes code, combining deep technical credibility with real organizational authority. Critically, her own summary admits p99 latency problems and a deprioritized architectural backlog — a self-described pain point mapping directly to ScyllaDB's core value prop. Textbook high-value target.","Her team owns CQL execution and p99 latency, and she openly admits architectural fixes that never get prioritized. ScyllaDB's thread-per-core engine resolves those latency issues structurally. Engage as a technical peer on query engine design — she'll recognize the architecture immediately.",P99 latency issues at the CQL execution layer she directly manages; Architectural improvement backlog deprioritized over feature work; Operational complexity managing query performance at Cassandra scale; Driver ecosystem maintenance burden across native protocol versions,,,,,no
10,Naomi Watkins,"Principal Architect, Data Platform",DataStax,"Chicago, IL",obvious_fit,97,"Naomi is a Principal Architect at DataStax with 6 years designing Kafka/Pulsar-to-Astra DB pipelines for enterprise customers. She keynoted Cassandra Forward 2022 — strong community authority. She explicitly articulates the write amplification gap between raw Cassandra throughput and real-world performance, demonstrating deep technical fluency. 14 years total experience with prior Capital One background. Textbook senior technical target with organizational and ecosystem influence.","Lead with write amplification and sustained P99 latency under Kafka/Pulsar ingest — a pain she explains to customers weekly. ScyllaDB's shard-per-core architecture directly addresses this gap. Frame as a peer technical conversation, not a sales pitch.",Write amplification gap between theoretical Cassandra throughput and real-world sustained performance; Operational complexity scaling Astra DB for high-volume streaming ingest; P99 latency consistency under heavy Kafka/Pulsar write workloads; Node count and infrastructure cost at scale for streaming pipelines,,,,,no
12,Ingrid Hoffmann,"Director of Engineering, DSE",DataStax,"Munich, Germany",obvious_fit,97,"Ingrid is Director of Engineering for DSE — DataStax's core on-prem revenue product — managing 20 engineers. She was previously Principal Engineer on DSE for 4 years, giving her deep technical roots. She explicitly knows which DSE customers are evaluating alternatives and has navigated the DSE-vs-Astra investment tension for 3 years. Senior, technically credentialed, organizationally influential, and operating at the exact competitive intersection where ScyllaDB wins. Textbook target.","Engage as a peer on the DSE-to-cloud dilemma. Position ScyllaDB as the high-performance, drop-in alternative for DSE customers unwilling to move to Astra DB — she already knows who those at-risk accounts are and what they want.","Investment shifting from DSE to Astra DB, leaving on-prem customers under-served; Managing a 20-engineer team on a product in strategic decline; DSE customers actively evaluating alternatives as DataStax deprioritizes on-prem",,,,,no
8,Felix Oduya,"Principal Engineer, DSE Security & Compliance",DataStax,"London, UK",obvious_fit,92,"Felix is a Principal Engineer at DataStax with 9 years tenure, owning DSE security architecture. He was part of the original DSE encryption implementation — rare institutional depth. He works directly with regulated-industry customers (financial services, healthcare) at massive scale, facilitating performance-vs-security tradeoffs. TLS overhead at high write throughput is a named pain point — directly addressable by ScyllaDB's architecture. Senior title, long tenure, customer-facing influence, and deep DSE internals make this a textbook target.","ScyllaDB's lower P99 latency and async TLS pipeline directly address Felix's stated ""TLS overhead at high write throughput"" nightmare — engage on whether Scylla's architecture changes the security/performance tradeoff for his regulated-industry customers.",TLS overhead degrading performance at high write throughput; Performance-vs-security tradeoffs with regulated-industry customers; Operational complexity of DSE security at massive scale; FIPS 140-2 compliance constraints limiting architectural flexibility,,,,,no
9,Søren Lindqvist,Head of Platform Engineering,DataStax,"Copenhagen, Denmark",obvious_fit,91,"Søren is Head of Platform Engineering at DataStax — senior leadership influencing 400+ engineers. He owns CI/CD, build infra, and benchmark automation for Astra DB and DSE releases, and built DataStax's benchmark harness from scratch. Pre-DataStax, he led infra engineering at a DSE-based fintech for 4 years — vendor-side and customer-side depth combined. Deep, hands-on knowledge of Cassandra workloads at scale makes him an ideal technical peer who can critically evaluate ScyllaDB's performance claims.","Engage on benchmark methodology — he built DataStax's harness, so ScyllaDB's P99 latency story will land immediately. Frame ScyllaDB's fewer-nodes architecture as a platform engineering win: simpler CI/CD clusters, lower infra cost, less tuning overhead for his team.",High cost and complexity of maintaining large Cassandra benchmark clusters for pre-release regression testing; Operational tuning burden of Cassandra at scale across 400+ engineering dependents; Benchmark variance and reproducibility challenges with Cassandra workloads at scale,,,,,no
11,Victor Park,"Staff Engineer, Stargate API Gateway",DataStax,"Seattle, WA",obvious_fit,91,"Victor Park is a Staff Engineer at DataStax and founding contributor to Stargate for 4+ years — the open-source API gateway (REST, GraphQL, gRPC) over CQL. He is an Apache Cassandra OSS contributor with deep ecosystem credibility. He explicitly flags Stargate's translation layer latency ceiling — a live pain point ScyllaDB directly addresses. Staff title, founding product ownership, and OSS involvement confirm real technical authority.",Stargate's latency ceiling is self-reported. ScyllaDB's P99 advantage shrinks that ceiling dramatically — pitch a Stargate-on-ScyllaDB benchmark vs. Cassandra to quantify the gain.,Stargate translation layer imposes a latency ceiling over native CQL — explicitly self-reported; Performance gap between REST/GraphQL/gRPC abstraction and direct CQL path; Scaling Cassandra-backed systems while minimizing per-request overhead; Operational complexity of an API gateway layer in front of Cassandra,,,,,no
21,Patrick Dubois,"Lead Developer Advocate, Apache Cassandra",DataStax,"Paris, France",wild_card,82,"Patrick is DataStax's Lead Cassandra DevRel — technically credible with 5 years of hands-on Cassandra ops at OVHcloud before DevRel. He runs a 28K-subscriber YouTube channel, hosts live coding sessions, and speaks at 10–15 conferences/year. His InfoQ-picked Cassandra-vs-alternatives comparison shows he already engages the narrative ScyllaDB competes in. He shapes community perception at scale and has the technical depth to evaluate ScyllaDB honestly — making him a high-value ecosystem connector and potential recruit.","Engage as a technical peer on Cassandra ops pain (GC pauses, node sprawl, P99 latency) he experienced firsthand. Pitch a ScyllaDB benchmark deep-dive for content collaboration — his ""no sugarcoating"" credibility aligns with ScyllaDB's transparent performance story.",GC pause unpredictability in Cassandra ops — lived experience at OVHcloud; Cluster sprawl and node count overhead to hit SLA targets; P99 latency variance in production Cassandra deployments; Audience trust pressure: community expects honest Cassandra limitation coverage,"Patrick — you ran Cassandra ops at OVHcloud for 5 years, so GC pauses and P99 variance aren't abstractions for you. Your InfoQ comparison piece caught my attention. Worth 15 min to dig into ScyllaDB's shard-per-core architecture and what it does to those numbers?",263,ScyllaDB vs Cassandra — a benchmark conversation,"Patrick,

You spent 5 years running Cassandra in production at OVHcloud before moving to DevRel — you know exactly where the GC pause and P99 latency stories get uncomfortable. Your InfoQ comparison piece showed you don't shy away from that.

ScyllaDB's shard-per-core, userspace I/O model eliminates JVM GC entirely. The tail latency and node-count-reduction numbers are documented and reproducible. Given the ""no sugarcoating"" standard your 28K-subscriber community holds you to, I think a benchmark deep-dive is worth your time.

15 minutes to walk through the data?

— Yoav, ScyllaDB",yes
22,Ravi Krishnamurthy,Principal Technical Evangelist,DataStax,"Bengaluru, India",wild_card,82,"Ravi is a Principal Technical Evangelist with 8 years in the Cassandra ecosystem — 3 as a backend engineer, 5 in advocacy. He runs the DataStax India community (12K members), co-maintains datastax-examples GitHub org (3K+ stars), and has 150K+ YouTube views on Cassandra data modeling. He gets weekly production-issue DMs from developers — deep grassroots signal. His engineering background (IIT Madras, former DataStax backend engineer) means he understands the stack, not just the narrative. High-value wild card: ecosystem influencer with real technical depth and community reach.",Engage as a technical peer on Cassandra data modeling and production latency pain points he hears weekly. ScyllaDB's drop-in Cassandra compatibility + 10x P99 latency story is directly relevant to his community's real problems — and worth exploring as a conversation or content angle.,"Production latency and tail-latency complaints from his developer community; Operational complexity of large Cassandra clusters (tuning, node overhead); Cost pressure on self-managed Cassandra/DSE deployments raised by community members; Data modeling constraints at scale — a topic he covers extensively in public talks",,,,,no
23,Sofia Bergmann,"Technical Product Manager, Astra DB",DataStax,"Zurich, Switzerland",wild_card,82,"Sofia is a TPM owning the Astra DB core platform roadmap — control plane, tenant management, multi-cloud. She's not a pure PM: 5 years as a Senior SE at DataStax, still reviews architecture RFCs, joins P1 incidents, and grounds decisions in CQL semantics. She is currently leading a cost predictability initiative for large Astra tenants — exactly where ScyllaDB has a quantifiable edge. Strong ecosystem influence over Astra DB's direction, though she lacks hands-on engineering authority of a Staff/Principal Engineer.","Lead with ScyllaDB's TCO and cost predictability story — directly aligned with her active initiative on large Astra tenant cost transparency. Her SE background means she'll engage with architectural depth: fewer nodes, lower P99 latency, and Cassandra API compatibility are all credible hooks.",Cost predictability for large multi-tenant Cassandra deployments — her current workstream; Operational complexity of managed Cassandra control plane at scale; Multi-cloud deployment overhead and resource inefficiency; Balancing feature velocity against distributed systems constraints,,,,,no
25,Grace Okafor,"Developer Advocate, Apache Cassandra Open Source",DataStax,"Lagos, Nigeria",wild_card,82,"Grace is a Developer Advocate for Apache Cassandra open source with 4 years of prior hands-on backend engineering on Cassandra systems. Active on cassandra-dev, speaker at Cassandra Summit, EuroPython, and QCon London. Crucially, she is known for honest, critical takes on Cassandra's real tradeoffs over marketing spin — giving her both technical credibility and wide community reach. Not a product engineer, but her ecosystem influence and candid framing of Cassandra limitations make her a strategically high-value wild card contact.",Her brand is honest Cassandra tradeoff analysis — ScyllaDB's P99 latency and TCO data fits perfectly. Engage as a technical peer with real benchmarks and migration stories; she's the type to cover credible alternatives if the evidence holds up.,Marketing vs. reality gap in Cassandra content — she explicitly calls this out; Cassandra operational complexity and tuning overhead surfaced in her talks; P99 latency and scalability limitations seen firsthand in prior backend engineering roles,,,,,no
26,Aleksei Volkov,"Technical Product Manager, DSE & Cassandra Drivers",DataStax,"Amsterdam, Netherlands",wild_card,82,"Aleksei is a TPM with 4 years of prior Cassandra driver engineering at DataStax — he still reviews driver RFCs and engages at protocol level. He owns the open-source driver portfolio (Java, Python, Node.js, Go) and DSE product line. He's actively guiding enterprise DSE customers through Astra DB migration paths and has direct visibility into competitive evaluation friction. Not a pure roadmap PM — real technical depth, product influence, and awareness of where customers consider alternatives.",ScyllaDB's CQL/driver compatibility story lands directly in his domain. Lead with shard-aware driver optimizations as a technical differentiator. His DSE migration work is a direct opening — ScyllaDB is a credible alternative destination for DSE customers evaluating Astra DB.,"Friction in DSE-to-Astra DB migration paths, especially around driver integration breakage; Managing an open-source driver portfolio across multiple languages at enterprise scale; Competitive evaluation pressure from alternatives during DSE customer migration cycles",,,,,no
15,Dakarai Moyo,"Junior Software Engineer, DSE",DataStax,"Johannesburg, South Africa",high_potential_low_experience,72,"Junior SE with ~2.5 years on DSE platform team, working on enterprise features: search integration (Solr) and node management tooling. Developing deep operational Cassandra knowledge — cluster failure/recovery at scale — and self-studying LSM-tree internals on personal time. Title and tenure place them squarely in high_potential_low_experience: no organizational authority today, but strong technical trajectory toward a senior distributed storage role in 1–2 years. Solid CS degree from UCT and hands-on DSE/Cassandra stack experience.",Dakarai's LSM-tree self-study and cluster failure/recovery focus maps directly to ScyllaDB's core strengths. Nurture with ScyllaDB compaction deep-dives and shard-per-core architecture content; position ScyllaDB as the natural next step in their distributed storage career.,Operational complexity of large DSE enterprise clusters; Cluster failure and recovery challenges at scale; Self-studying LSM-tree internals suggests DSE tooling lacks sufficient low-level transparency,Dakarai — you're deep in DSE internals and self-studying LSM-trees. ScyllaDB's compaction and shard-per-core architecture would directly answer questions you're already asking. Worth 15 minutes to compare notes?,211,LSM-tree internals: Scylla vs DSE compaction design,"Dakarai,

Two and a half years on the DSE platform team gives you a real operational view of Cassandra at scale — cluster failure modes, recovery paths, the limits of what the tooling exposes.

You're already reading LSM-tree internals on your own time. ScyllaDB's compaction strategies and shard-per-core architecture are a direct answer to the questions that work probably keeps raising.

If you're building toward senior distributed storage work, the design tradeoffs are worth understanding firsthand — not just from docs.

15 minutes to walk through the architecture differences?

— Yoav, ScyllaDB",yes
20,Chen Wei,"Software Engineer II, DSE Query",DataStax,Singapore,high_potential_low_experience,72,"SWE II on DSE Query team, ~4 years total. Deep technical focus: CQL parsing, query planning, secondary indexes, execution engine. Fixed a P99 latency bug on the range query path for wide partitions — exactly ScyllaDB's competitive differentiator. No organizational authority yet, but trajectory toward query-layer domain expertise is clear. Strong long-game nurture; likely senior within 1-2 years.",Chen Wei has direct hands-on experience with P99 latency in DSE range queries and wide partitions — ScyllaDB's core differentiator. Outreach framing around execution engine architecture and latency trade-offs would land precisely on their stated technical interests.,P99 latency degradation with wide partitions in DSE range queries; Secondary index limitations at scale in Cassandra/DSE; Complexity of DSE query execution layer tuning,Chen Wei — you fixed P99 latency on DSE's range query path for wide partitions. That's exactly where ScyllaDB's execution engine makes different trade-offs. 15 min to compare architecture notes?,194,DSE vs Scylla: range query latency on wide partitions,"Chen Wei,

Three years deep on DSE's query execution layer — CQL parsing, query planning, secondary indexes — puts you in a rare position to evaluate these trade-offs seriously.

The P99 bug you fixed on the range query path for wide partitions is a known pain point in the Cassandra execution model. ScyllaDB's shard-per-core architecture handles that path differently, with measurable impact on tail latency at scale.

I'm not pitching a migration. I'd rather compare execution engine design notes with someone who actually works at that layer.

15 minutes — worth it?

— Yoav, ScyllaDB",yes
24,Mateo Reyes,"Developer Advocate, Astra DB Vector",DataStax,"Mexico City, Mexico",wild_card,72,"Mateo is a Developer Advocate focused on Astra DB vector search with a real ML engineering background (3 yrs at Grupo Bimbo), giving him genuine technical credibility. He builds RAG tutorials and workshops, reaching the AI/ML + Cassandra developer community directly. Crucially, his own summary admits he can't confidently defend Astra DB's vector search performance at scale vs. purpose-built alternatives — a rare, explicit pain point that maps directly to ScyllaDB's positioning. Community reach + technical depth makes him a meaningful ecosystem connector.",Mateo admits he can't answer developer questions about Astra DB vector search at scale. ScyllaDB can engage him with concrete P99 latency benchmarks and position itself as the credible answer — his community reach means any honest technical dialogue has outsized amplification potential.,Cannot confidently defend Astra DB vector search performance at scale vs. purpose-built vector DBs; Bridging AI/ML community expectations with Cassandra ecosystem limitations; Lacking a compelling scalability narrative for Astra DB as a RAG vector store under high load,,,,,no
13,James Osei,"Software Engineer II, Astra DB",DataStax,"Toronto, Canada",high_potential_low_experience,62,"James is a Software Engineer II at DataStax with ~3 years total experience (2 at DataStax), placing him in the junior-to-mid range. He works directly on the Astra DB backend — tenant isolation, billing integration, multi-tenancy, resource quotas, and the CQL execution path. Two merged OSS Cassandra commits signal growing ecosystem engagement. His stated goal to specialize in storage-layer work points to a clear trajectory toward senior technical influence within 1–2 years. Limited authority today, but strong technical foundation and growth vector make him a solid long-game nurture.",Engage on CQL execution path and multi-tenancy challenges — ScyllaDB's thread-per-core architecture offers compelling contrasts to Astra DB's tenant isolation model. Seed awareness now; revisit as he moves into storage-layer specialization.,Multi-tenancy complexity and resource quota enforcement at scale; CQL execution path performance and latency predictability; Storage layer limitations in managed Cassandra environments; Operational overhead of Astra DB's distributed backend,"James — you're working the CQL execution path and tenant isolation at DataStax, so you've seen these tradeoffs firsthand. Worth 15 min to compare notes on how ScyllaDB's thread-per-core model handles multi-tenancy at the storage layer?",235,Multi-tenancy at the storage layer — ScyllaDB vs Astra DB,"James,

Two years on the Astra DB backend working tenant isolation and CQL execution puts you closer to these tradeoffs than most. ScyllaDB's thread-per-core architecture handles multi-tenancy and resource quota enforcement in a fundamentally different way than managed Cassandra — no JVM, predictable per-shard scheduling, hard latency isolation between tenants.

Given your trajectory toward storage-layer specialization, the architectural contrast is worth understanding directly rather than from docs.

Would a 15-min technical comparison call be useful?

— Yoav, ScyllaDB",yes
14,Lucía Fernández,"Software Engineer I, Cassandra OSS",DataStax,"Madrid, Spain",high_potential_low_experience,62,"Lucía is a Software Engineer I (~2 years total) working directly on Cassandra OSS at DataStax — streaming repair protocol, storage engine test coverage, SSTable internals, and compaction. All deeply relevant Cassandra internals. Her explicit goal to reach the storage layer within two years signals strong trajectory. However, she is junior with no organizational influence and is not customer-facing. Right stack, right curiosity, but too early for senior engagement.",Her SSTable/compaction/write-path focus maps directly to ScyllaDB's core differentiation. Long-game nurture: share ScyllaDB engineering content on compaction and shard-per-core architecture to build mindshare as she grows toward a senior storage-layer role.,Cassandra's compaction complexity and tuning overhead; Storage engine performance limitations at scale; JVM GC pressure in large Cassandra clusters; Limited career ceiling as a junior OSS contributor,,,,,no
16,Yuki Tanaka,Junior SRE,DataStax,"Tokyo, Japan",high_potential_low_experience,62,"Yuki is a Junior SRE with ~3 years total experience (2 on Astra DB infra), squarely in the 0–4 year band. They handle Cassandra cluster ops — bootstrap, repair scheduling, compaction monitoring — areas where ScyllaDB directly differentiates. Internal research on GC pressure on large Astra tenants signals a performance engineering trajectory. No organizational authority today, but the hands-on Cassandra ops depth and clear specialization path make this a credible long-game nurture target.","Yuki's documented pain with JVM GC pressure on large Astra tenants is a textbook ScyllaDB wedge. ScyllaDB's C++ runtime eliminates GC entirely, directly addressing the P99 spikes they're diagnosing. Lead with GC-free architecture and compaction efficiency content.",JVM GC pressure causing latency spikes on large Astra DB tenants; Complex compaction monitoring and tuning overhead; Operational toil around repair scheduling at scale; On-call burden from Cassandra cluster instability,,,,,no
17,Anika Svensson,"Software Engineer II, Stargate",DataStax,"Stockholm, Sweden",high_potential_low_experience,62,"Anika is a SWE II with ~4 years total (3 at DataStax), placing her at the ceiling of the junior-to-mid band. Her Stargate work on REST/GraphQL-to-CQL adapters gives real Cassandra query-path exposure. Active OSS Cassandra contributions and an explicit goal to move into senior CQL execution work signals strong upward trajectory. Not yet influential, but clearly on a defined path toward deep Cassandra internals expertise within 12–18 months. Classic long-game nurture candidate.",Engage via OSS Cassandra contributions and CQL internals curiosity. ScyllaDB's Cassandra-compatible engine and open-source community resonate here. Position ScyllaDB as a faster path to deep query-execution and protocol-level ownership than Stargate's API abstraction layer allows.,Growth ceiling on Stargate API layer vs. desire for deeper CQL/execution engine ownership; Senior-level progression at DataStax may be slower than her stated 1-year goal; Stargate abstraction limits exposure to true database internals she's actively seeking,,,,,no
18,Omar Hassan,Associate Solutions Architect,DataStax,"Dubai, UAE",high_potential_low_experience,62,"Omar is an Associate SA at DataStax with ~3 years total experience (2 at DataStax), customer-facing in MENA across Astra DB and DSE for banking and telco verticals. He runs PoC deployments and data modeling workshops — real technical exposure. His self-driven Cassandra performance testing and stated goal of reaching Principal SA signal strong trajectory. However, he's early-career with limited organizational influence today. He's a pre-sales technical resource, not a decision-maker or deep stack engineer, but the technical foundation is genuine and growing fast.",Engage on Cassandra latency benchmarking — Omar is already self-testing performance. Sharing ScyllaDB's P99 latency data and MENA banking/telco case studies could resonate directly with the hard latency questions he faces in pre-sales. Long-game nurture toward his Principal SA ambitions.,Struggling to answer hard latency questions from banking and telco customers in pre-sales; Limited tooling depth as an Associate SA navigating complex enterprise PoCs; Seeking credibility and technical differentiation to advance toward a Principal SA role,,,,,no
19,Isabella Costa,"Software Engineer I, Astra DB Vector",DataStax,"São Paulo, Brazil",high_potential_low_experience,62,"Isabella is a Software Engineer I (~18 months at DataStax, 2 years total), firmly junior-to-mid tier. She works directly on Astra DB Vector — HNSW index integration with Cassandra's storage layer and SSTable format — which is technically relevant and strategically important. Her ML background strengthens the vector side but she lacks organizational influence. Clear upward trajectory into senior technical roles as AI/vector DB infrastructure matures. Long-game nurture candidate worth tracking as her Cassandra internals knowledge deepens.",ScyllaDB's low-latency architecture and tiered storage offer a compelling counterpoint to Cassandra's storage model for vector workloads — Isabella's SSTable-level focus makes her receptive to storage-layer performance conversations where ScyllaDB differentiates strongly.,Vector search latency at scale under Cassandra's storage model; SSTable format limitations for high-dimensional HNSW index workloads; Operational complexity tuning Cassandra for mixed vector + traditional query patterns,,,,,no
29,Caroline Hu,Senior Product Marketing Manager,DataStax,"San Jose, CA",not_relevant,18,"Caroline Hu is a Senior PMM at DataStax focused on GTM, messaging, positioning, and analyst relations for Astra DB. Her role is firmly in marketing — not engineering, architecture, DevRel, or technical product management. Her background (B.S. Marketing, 4 years at Confluent in PMM, 3 years at DataStax in PMM) confirms a pure marketing trajectory with no technical engineering depth. She does not meet the ICP of technical staff working on DSE, Astra DB infrastructure, or the Cassandra ecosystem.",Not a viable outreach target for ScyllaDB's technical or ecosystem engagement. Her competitive intelligence role means she actively shapes messaging against ScyllaDB rather than building or influencing the product itself.,Crafting competitive positioning against ScyllaDB's cost and latency advantages; Maintaining Astra DB's market narrative under pricing and performance pressure,,,,,no
38,Diana Fox,Customer Success Manager,DataStax,"Chicago, IL",not_relevant,8,"Diana Fox is a Customer Success Manager at DataStax with a background in SaaS CS (Gainsight). Her own summary explicitly states she does not go deep on Cassandra internals and escalates technical issues to engineering. Her skills are entirely non-technical: account management, renewals, churn prevention, QBRs. She holds a B.A. in Business and has no engineering, architecture, or technical product background. Despite managing 30 Astra DB and DSE enterprise accounts, her role is purely commercial/relationship-focused with zero technical depth relevant to ScyllaDB's value proposition.","No viable ScyllaDB angle — Diana has no technical influence over database infrastructure decisions, no engineering depth in Cassandra/DSE/Astra DB, and no role in evaluating or recommending data platforms.",,,,,,no
27,Derek Morrison,Enterprise Account Executive,DataStax,"Dallas, TX",not_relevant,5,"Derek Morrison is a pure enterprise sales professional — an Account Executive at DataStax focused on quota attainment, pipeline management, and executive relationships in financial services accounts. He explicitly states he leaves technical conversations to SAs. His background is entirely in sales (Oracle AE, MongoDB SDR) with a marketing degree. He has zero technical depth in Cassandra, DSE, or Astra DB. He does not meet any criterion of the ICP, which specifically targets technical employees. There is no angle for ScyllaDB outreach as a technical peer, recruit, or ecosystem connector.","No viable ScyllaDB angle. Derek is a quota-driven sales professional with no technical involvement in DSE, Astra DB, or Cassandra. Outreach would be misdirected and unlikely to yield any useful signal or relationship for ScyllaDB.",Quota pressure in competitive database deals; Selling against lower-cost alternatives in FSI accounts,,,,,no
28,Ashley Burns,Sales Development Representative,DataStax,"Nashville, TN",not_relevant,5,"Ashley Burns is a Sales Development Representative at DataStax focused on outbound prospecting for Astra DB in mid-market segments. This is a pure sales role with no technical depth — skills listed are entirely sales-oriented (Outbound Prospecting, Salesforce, Outreach.io, Cold Calling). Prior role was also a BDR at Zscaler. There is zero engineering, architecture, or technical product involvement. Despite touching Astra DB as a product name in their prospecting work, they have no meaningful technical knowledge of the stack. Entirely outside ScyllaDB's ICP.","No viable angle. Ashley operates purely in sales/pipeline generation and has no technical knowledge of Astra DB, Cassandra, or DSE. Outreach would be misdirected and irrelevant to ScyllaDB's competitive positioning.",,,,,,no
31,Nina Petrov,Senior Financial Analyst,DataStax,"New York, NY",not_relevant,5,"Nina Petrov is a Senior Financial Analyst in FP&A at DataStax, supporting the CFO with financial modeling, board reporting, and budget management. Her skills are entirely finance-oriented (Excel, Tableau, ARR Modeling, SaaS Metrics) with no technical depth in databases, Cassandra, Astra DB, or DSE. Her background is in venture capital finance (Bessemer) and SaaS unit economics — entirely outside the ICP. She has zero engineering, architecture, or product influence relevant to ScyllaDB's competitive positioning.",No viable angle. Nina operates in finance/FP&A with no technical touchpoint on the Cassandra/Astra DB stack. ScyllaDB outreach would be entirely misdirected here.,,,,,,no
32,Tom Nielsen,"Regional Sales Director, EMEA",DataStax,"London, UK",not_relevant,5,"Tom Nielsen is a Regional Sales Director at DataStax EMEA — a pure sales leadership role managing a team of 8 enterprise AEs. His entire career is in enterprise sales (Cloudera, Hortonworks), with no technical background in engineering, architecture, or product. His skills are exclusively sales-oriented: pipeline management, revenue growth, team coaching. There is zero signal of technical depth in Cassandra, DSE, or Astra DB. He falls squarely in the not_relevant category as defined — sales director with no engineering involvement.","No viable ScyllaDB angle. This is a sales leader whose interests are quota attainment and AE coaching, not database architecture or performance. Outreach would be off-target and likely counterproductive.",,,,,,no
34,Oliver Green,Sales Operations Manager,DataStax,"Denver, CO",not_relevant,5,"Oliver Green is a Sales Operations Manager at DataStax with a pure revenue operations background — CRM management, forecasting, compensation administration, and pipeline hygiene. He explicitly states ""no engineering background"" and his tools are Salesforce, Clari, and Excel. His prior role was Sales Operations Analyst at Marketo, and his degree is in Business Administration. There is zero technical overlap with Cassandra, DSE, Astra DB, or any database technology. He has no influence over technical decisions, architecture choices, or engineering hiring. Completely outside ScyllaDB's ICP.",No viable angle. Oliver has no technical touchpoint with DataStax's database products and zero decision-making authority over infrastructure or engineering tooling. ScyllaDB outreach would be entirely wasted here.,,,,,,no
35,Bianca Lopes,Customer Marketing Manager,DataStax,"São Paulo, Brazil",not_relevant,5,"Bianca Lopes is a Customer Marketing Manager at DataStax with a fully non-technical background, as she explicitly states herself. Her work centers on customer reference programs, case studies, and advocacy content for Astra DB customers — purely a marketing and communications function. She holds a B.A. in Marketing from FGV São Paulo and her prior role was also marketing-focused (TOTVS). She has no engineering, architecture, or technical product background relevant to ScyllaDB's ICP. There is zero overlap with Cassandra/DSE/Astra DB at a technical level.","No viable ScyllaDB angle. She is a non-technical marketing professional with no engineering influence, purchasing authority, or technical ecosystem reach that ScyllaDB could leverage.",,,,,,no
36,Kevin Walsh,Business Development Representative,DataStax,"Boston, MA",not_relevant,5,"Kevin Walsh is a Business Development Representative (BDR) at DataStax — a pure sales/top-of-funnel role with no technical depth. His background is a B.A. in Political Science, 1 year of experience, and skills limited to prospecting tools (Salesforce, SalesLoft, cold email). He explicitly states this is his first sales role out of college and his goal is to become an AE. He has zero engineering, architecture, or technical product exposure. Entirely outside the ICP.","No viable ScyllaDB angle. This is a non-technical sales entry role. Outreach would be misdirected and wasteful — he has no influence over technical decisions, architecture choices, or ecosystem relationships.",,,,,,no
37,Yuki Nakamura,Communications Manager,DataStax,"San Francisco, CA",not_relevant,5,"Yuki Nakamura is a Communications Manager at DataStax focused entirely on PR, media relations, executive thought leadership, and press coordination. Her background is in B2B tech PR (Edelman, InkHouse) and she explicitly self-identifies as non-technical (""I support the technical spokespeople at DataStax but I am not an engineer""). She has zero exposure to Cassandra, DSE, or Astra DB at a technical level. Her skills are exclusively communications-oriented. There is no plausible angle for ScyllaDB outreach — she holds no engineering influence, architectural knowledge, or technical buying power.","No viable angle. PR/communications roles have no touchpoint with database technology selection, architecture decisions, or engineering communities. Outreach would be misdirected and wasteful.",,,,,,no
39,André Bouchard,Commercial Account Executive,DataStax,"Montreal, Canada",not_relevant,5,"André Bouchard is a Commercial Account Executive at DataStax — a pure sales role covering mid-market accounts in Canada and the Northeast US. His background is entirely in B2B SaaS sales (HubSpot AE, McGill B.Com. Marketing), with no engineering, architecture, or technical product experience. He explicitly states he relies on SAs for any deep product knowledge. His skills (Salesforce, pipeline management, cold outbound) confirm a non-technical profile. He falls squarely outside the ICP of technical DataStax employees.","No meaningful ScyllaDB angle. As a sales AE, André has no influence over technical stack decisions and lacks the engineering depth to engage as a peer or ecosystem connector. Outreach would not yield actionable intelligence or pipeline value.",,,,,,no
41,Pierre Dupont,Enterprise Account Executive,DataStax,"Paris, France",not_relevant,5,"Pierre Dupont is a pure enterprise sales professional — an Account Executive covering France (banking, telco, public sector) at DataStax. His background is entirely commercial: 5 years as AE at Teradata, HEC Paris business degree, and skills centered on enterprise sales, account management, and B2B SaaS. He explicitly states he defers all technical architecture to his SA. There are zero engineering, architecture, or technical signals. He has no influence over database technology decisions from a build/design perspective and is firmly outside ScyllaDB's ICP of technical DataStax employees.","No viable ScyllaDB angle. Pierre is a commercial seller with no technical depth in Cassandra, DSE, or Astra DB. Outreach would be misdirected — his SA counterpart would be the correct target.",,,,,,no
42,Brittany Johnson,Sales Development Representative,DataStax,"Atlanta, GA",not_relevant,5,"Brittany is a pure-sales SDR at DataStax. Her skills are entirely non-technical (cold calling, Salesforce, Outreach.io) and she explicitly states she hands off to SAs for anything technical. Background is a BBA with a prior SDR role at Snowflake. She is actively working toward an AE role, meaning she will remain on the sales track. No engineering, architecture, or technical product depth exists here — she is entirely outside ScyllaDB's ICP of technical DataStax employees.",No viable angle. Brittany has no technical influence over database decisions and no meaningful context for a ScyllaDB conversation beyond surface-level awareness of DSE/Astra DB as product names.,,,,,,no
30,James Whitfield,Senior HR Business Partner,DataStax,"Austin, TX",not_relevant,4,"James Whitfield is a Senior HR Business Partner at DataStax with no technical background. His entire career spans HR functions — performance management, compensation planning, org design, and talent retention. Skills (Workday, HR Business Partnering) and education (B.S. Human Resource Management) confirm a purely HR-focused professional. While he supports engineering orgs as an HRBP, this is an administrative role with zero exposure to Cassandra, DSE, or Astra DB. No engineering depth, no architectural influence, not customer-facing in any technical capacity.","No viable angle. James operates entirely within HR functions with no touchpoint to DataStax's technical stack, database products, or engineering decisions relevant to ScyllaDB.",,,,,,no
33,Sandra Reyes,Senior Corporate Counsel,DataStax,"San Francisco, CA",not_relevant,4,"Sandra Reyes is Senior Corporate Counsel at DataStax — a purely legal role focused on commercial contracts, SaaS agreements, and data privacy compliance. While her work touches Astra DB and DSE deals (negotiating MSAs and DPAs), this is legal/transactional exposure, not technical depth. She has no engineering, architecture, or product background. Her skills are entirely law-oriented: contract negotiation, GDPR, technology law. She is entirely outside ScyllaDB's ICP of technical DataStax staff.","No viable ScyllaDB angle. Legal counsel has no influence over database technology selection, architecture decisions, or engineering direction. Any outreach would be misplaced and likely ignored.","No relevant technical pain points — role is legal, not engineering or infrastructure",,,,,no
40,Priscilla Owens,Executive Assistant to CTO,DataStax,"Santa Clara, CA",not_relevant,4,"Priscilla Owens is an Executive Assistant to the CTO at DataStax. Her role is entirely administrative — calendar management, travel coordination, board prep logistics, and internal communications. Despite her proximity to engineering leadership, she has no technical background, no engineering skills, and no involvement with Cassandra, DSE, or Astra DB. Her skill set (G-Suite, Slack, Calendar Management) and her prior EA role at VMware confirm a purely administrative career track. She is not a viable outreach target for ScyllaDB under any segment.",No viable angle. She is an administrative professional with zero technical overlap with ScyllaDB's value proposition. Outreach would be misaligned and wasteful.,,,,,,no
